{"cameraMode":{"drawMode":0,"name":"Shaded","section":"Shading Mode"},"sceneLighting":false,"audioPlay":false,"sceneViewState":{"m_AlwaysRefresh":false,"showFog":true,"showSkybox":false,"showFlares":true,"showImageEffects":true,"showParticleSystems":true,"showVisualEffectGraphs":true,"m_FxEnabled":true},"in2DMode":false,"pivot":{"x":-0.000012874603271484375,"y":0.1508685052394867,"z":-0.000012874603271484375},"rotation":{"x":-0.07155004143714905,"y":0.9210203886032105,"z":-0.3247692286968231,"w":-0.2029861956834793},"size":6.207931041717529,"orthographic":false}